rating,title,body
5.0,Great product,Very nice and comfortable
4.0,Good quality product,It’s look nice
4.0,Pretty good,Good coletti
4.0,Value-for-money,Love the product take  size 1 number smaller than original number
5.0,Mind-blowing purchase,"Very good shoe, lightweight"
4.0,Really Nice,Good product
5.0,Just wow!,Fit perfectly as excepted..... love it
5.0,Terrific purchase,Super comfortable and elegant
5.0,Mind-blowing purchase,It's a good quality
5.0,Wonderful,Good
5.0,Awesome,Worthy really like it advice other to buy
5.0,Excellent,Go for these shoes without any doubt! The color isn't your usual blue but so so pretty.. These are my first pairs of Skechers everrrr and now I can't go back to any other shoes.. Flipkart offers you g...
4.0,Wonderful,good
3.0,Decent product,Good
5.0,Great product,Excellent
5.0,Just wow!,Excellent product
5.0,Terrific,Comfort shoe
5.0,Best in the market!,Very good
5.0,Best in the market!,Skechers are most comfortable easy to slip into sober colour good quality .loved to have it
5.0,Excellent,Great shoes.... Comfortable😌 highly recommend 👍👍
5.0,Worth every penny,"Love these shoes...very comfortable, excellent   quality"
5.0,Wonderful,Original brand and very comfortable shoes I like it
5.0,Super!,Supar
5.0,Classy product,A good one light weight must buy
5.0,Worth every penny,"Excellent, comfortable toe space"
5.0,Fabulous!,Nice light weight  comfortable
5.0,Fabulous!,Very comfortable and nice look
5.0,Great product,Good quality 🥰🥰
4.0,Nice product,"Nice performance,good quality and comfortable for longtime use....👍"
5.0,Terrific,Feel comfortable and value for money
5.0,Great product,Good
4.0,Value-for-money,Nuce
5.0,Awesome,Nice product good for running under 4k
5.0,Just wow!,Good
N/A,N/A,I'm athletic... This product good comfortable running🏃💨💨
N/A,N/A,Thanks Nike good product
N/A,N/A,Very nice product thank you Flipkart
N/A,N/A,The product is really great. Comfortable fit but go with +1 size than what you wear regular if you have wide feet.
N/A,N/A,"Comfortable, light weight, easy to clean, love it"
N/A,N/A,Good
N/A,N/A,"Awesome shoe , comfortable cushiony for feet, happy with the product"
N/A,N/A,"I recently purchased the Revolution 7 Running Shoes for Men in Black, and I must say, I am thoroughly impressed. These shoes are hands down the most comfortable pair I have ever owned. The soft sole p..."
5.0,Simply awesome,Really Appreciate ❤️
4.0,Good quality product,comfortability is ok
5.0,Simply awesome,"OG shoes, first i was hesitant to order this one because no reviews were available. That's why I'm putting this up so that you guys can see what it looks like. If you have the budget, go for it, it wo..."
5.0,Best in the market!,This product is worth of money
5.0,Brilliant,Best sneakers in the price range can definitely consider smart stylish and elegant. Not chunky and overdone they are simple and classic
5.0,Just wow!,Better to take black colour overall good.
5.0,Excellent,Comfort
5.0,Wonderful,Good product👍
